Date,No. Of Transaction,Max Price,Min Price,Closing Price,Traded Shares,Amount,Previous Closing,Difference Rs.
2019-03-24,40.0,464.0,418.0,418.0,3920.0,1737870.0,464.0,-46.0
2019-03-25,5.0,398.0,377.0,377.0,90.0,34350.0,418.0,-41.0
2019-03-26,12.0,359.0,340.0,340.0,500.0,173150.0,377.0,-37.0
2019-03-27,1765.0,350.0,306.0,340.0,170472.0,55440896.0,340.0,0.0
2019-03-28,745.0,353.0,323.0,333.0,78450.0,26284816.0,340.0,-7.0
2019-03-31,385.0,335.0,323.0,325.0,32407.0,10604541.0,333.0,-8.0
2019-04-01,317.0,332.0,321.0,330.0,31990.0,10489900.0,325.0,5.0
2019-04-02,195.0,336.0,325.0,329.0,38720.0,12774320.0,330.0,-1.0
2019-04-03,185.0,329.0,324.0,325.0,18011.0,5866565.0,329.0,-4.0
2019-04-04,304.0,330.0,320.0,321.0,33290.0,10775400.0,325.0,-4.0
2019-04-07,210.0,322.0,318.0,320.0,14305.0,4577205.0,321.0,-1.0
2019-04-08,358.0,330.0,320.0,329.0,53402.0,17440224.0,320.0,9.0
2019-04-09,124.0,323.0,308.0,310.0,14819.0,4621118.0,329.0,-19.0
2019-04-10,113.0,311.0,305.0,308.0,14774.0,4560692.0,310.0,-2.0
2019-04-11,112.0,310.0,306.0,306.0,16100.0,4957450.0,308.0,-2.0
2019-04-15,61.0,308.0,304.0,308.0,4335.0,1329135.0,306.0,2.0
2019-04-16,106.0,312.0,307.0,311.0,14905.0,4613575.0,308.0,3.0
2019-04-17,86.0,316.0,305.0,305.0,19531.0,5994927.0,311.0,-6.0
2019-04-18,83.0,310.0,300.0,309.0,17750.0,5411860.0,305.0,4.0
2019-04-21,105.0,311.0,303.0,305.0,18065.0,5510580.0,309.0,-4.0
2019-04-22,126.0,311.0,304.0,305.0,20035.0,6140385.0,305.0,0.0
2019-04-23,95.0,311.0,305.0,310.0,23310.0,7136660.0,305.0,5.0
2019-04-24,82.0,311.0,305.0,307.0,22930.0,7033530.0,310.0,-3.0
2019-04-25,116.0,311.0,306.0,310.0,20838.0,6451663.0,307.0,3.0
2019-04-28,222.0,332.0,310.0,324.0,45502.0,14748598.0,310.0,14.0
2019-04-29,114.0,328.0,316.0,320.0,28956.0,9281354.0,324.0,-4.0
2019-04-30,141.0,330.0,316.0,328.0,22059.0,7140259.0,320.0,8.0
2019-05-02,427.0,349.0,322.0,344.0,74542.0,25217282.0,328.0,16.0
2019-05-05,696.0,372.0,338.0,358.0,129045.0,46349732.0,344.0,14.0
2019-05-06,691.0,393.0,355.0,388.0,132126.0,49438432.0,358.0,30.0
2019-05-07,565.0,395.0,378.0,379.0,127407.0,49075597.0,388.0,-9.0
2019-05-08,574.0,398.0,375.0,390.0,105925.0,41260320.0,379.0,11.0
2019-05-09,701.0,420.0,384.0,411.0,124569.0,50358651.0,390.0,21.0
2019-05-12,824.0,452.0,410.0,452.0,153906.0,67360180.0,411.0,41.0
2019-05-13,1140.0,497.0,455.0,497.0,233289.0,114601645.0,452.0,45.0
2019-05-14,790.0,546.0,506.0,546.0,157535.0,84136700.0,497.0,49.0
2019-05-15,1771.0,590.0,514.0,520.0,237479.0,130907229.0,546.0,-26.0
2019-05-16,1488.0,572.0,501.0,572.0,245337.0,134108415.0,520.0,52.0
2019-05-19,1700.0,629.0,570.0,629.0,306224.0,187071083.0,572.0,57.0
2019-05-20,2383.0,678.0,580.0,595.0,399171.0,255012475.0,629.0,-34.0
2019-05-21,1027.0,608.0,557.0,585.0,118395.0,68834324.0,595.0,-10.0
2019-05-22,804.0,584.0,545.0,550.0,110790.0,62108861.0,585.0,-35.0
2019-05-23,660.0,579.0,532.0,547.0,73193.0,40130406.0,550.0,-3.0
2019-05-26,592.0,589.0,542.0,560.0,84403.0,47573271.0,547.0,13.0
2019-05-27,705.0,597.0,556.0,588.0,125412.0,73178243.0,560.0,28.0
2019-05-28,1377.0,646.0,586.0,646.0,265038.0,164404083.0,588.0,58.0
2019-05-29,1784.0,710.0,650.0,679.0,298013.0,204068471.0,646.0,33.0
2019-05-30,1305.0,712.0,640.0,661.0,255064.0,171965149.0,679.0,-18.0
2019-06-02,791.0,687.0,640.0,671.0,140252.0,93766128.0,661.0,10.0
2019-06-03,538.0,675.0,650.0,655.0,92219.0,60726185.0,671.0,-16.0
2019-06-04,905.0,688.0,643.0,675.0,180829.0,121311889.0,655.0,20.0
2019-06-06,563.0,688.0,672.0,678.0,114304.0,77697287.0,675.0,3.0
2019-06-10,337.0,684.0,669.0,671.0,57870.0,39050435.0,678.0,-7.0
2019-06-11,299.0,676.0,662.0,667.0,56549.0,37824527.0,671.0,-4.0
2019-06-12,379.0,670.0,656.0,665.0,64326.0,42543343.0,667.0,-2.0
2019-06-13,241.0,671.0,657.0,664.0,39563.0,26232350.0,665.0,-1.0
2019-06-16,299.0,659.0,646.0,646.0,39141.0,25516578.0,664.0,-18.0
2019-06-17,354.0,671.0,644.0,656.0,49325.0,32278481.0,646.0,10.0
2019-06-18,187.0,665.0,652.0,656.0,29720.0,19482215.0,656.0,0.0
2019-06-19,113.0,663.0,652.0,653.0,15728.0,10290555.0,656.0,-3.0
2019-06-20,242.0,659.0,651.0,655.0,46254.0,30313299.0,653.0,2.0
2019-06-23,201.0,660.0,647.0,651.0,26368.0,17116693.0,655.0,-4.0
2019-06-24,368.0,669.0,647.0,660.0,78444.0,51833819.0,651.0,9.0
2019-06-25,142.0,668.0,657.0,658.0,28912.0,19192309.0,660.0,-2.0
2019-06-26,96.0,657.0,650.0,653.0,17328.0,11333430.0,658.0,-5.0
2019-06-27,250.0,664.0,644.0,644.0,46090.0,29917510.0,653.0,-9.0
2019-06-30,462.0,644.0,616.0,616.0,92576.0,58071455.0,644.0,-28.0
2019-07-01,255.0,627.0,607.0,619.0,29108.0,17932612.0,616.0,3.0
2019-07-02,120.0,622.0,610.0,618.0,17637.0,10896154.0,619.0,-1.0
2019-07-03,147.0,627.0,616.0,620.0,30698.0,19085010.0,618.0,2.0
2019-07-04,127.0,624.0,611.0,615.0,18280.0,11255840.0,620.0,-5.0
2019-07-07,120.0,616.0,610.0,616.0,15003.0,9197851.0,615.0,1.0
2019-07-08,125.0,614.0,607.0,612.0,16551.0,10089630.0,616.0,-4.0
2019-07-09,90.0,613.0,605.0,610.0,14500.0,8808480.0,612.0,-2.0
2019-07-10,160.0,608.0,600.0,601.0,25835.0,15571455.0,610.0,-9.0
2019-07-11,289.0,602.0,578.0,588.0,54007.0,32002189.0,601.0,-13.0
2019-07-14,113.0,590.0,582.0,588.0,11935.0,6994830.0,588.0,0.0
2019-07-15,160.0,607.0,579.0,607.0,60185.0,35906625.0,588.0,19.0
2019-07-16,152.0,637.0,601.0,608.0,24650.0,14969934.0,607.0,1.0
2019-07-17,193.0,628.0,606.0,627.0,38928.0,24010358.0,608.0,19.0
2019-07-18,251.0,645.0,626.0,630.0,41263.0,26155362.0,627.0,3.0
2019-07-21,125.0,661.0,617.0,623.0,25405.0,15856685.0,630.0,-7.0
2019-07-22,127.0,630.0,616.0,625.0,23758.0,14859603.0,623.0,2.0
2019-07-23,105.0,637.0,623.0,625.0,17637.0,11086203.0,625.0,0.0
2019-07-24,86.0,634.0,622.0,622.0,11085.0,6922355.0,625.0,-3.0
2019-07-25,140.0,625.0,611.0,614.0,18080.0,11149165.0,622.0,-8.0
2019-07-28,202.0,610.0,597.0,600.0,34301.0,20668157.0,614.0,-14.0
2019-07-29,154.0,611.0,597.0,599.0,30653.0,18417078.0,600.0,-1.0
2019-07-30,74.0,605.0,597.0,597.0,16437.0,9869519.0,599.0,-2.0
2019-07-31,136.0,617.0,597.0,602.0,21180.0,12793460.0,597.0,5.0
2019-08-01,90.0,610.0,598.0,598.0,11897.0,7147563.0,602.0,-4.0
2019-08-04,107.0,600.0,590.0,590.0,13070.0,7729400.0,598.0,-8.0
2019-08-05,167.0,600.0,580.0,583.0,27388.0,16030568.0,590.0,-7.0
2019-08-06,130.0,589.0,574.0,577.0,13763.0,7949938.0,583.0,-6.0
2019-08-07,99.0,596.0,574.0,588.0,18146.0,10633256.0,577.0,11.0
2019-08-08,93.0,588.0,575.0,580.0,13790.0,7986340.0,588.0,-8.0
2019-08-11,85.0,585.0,570.0,575.0,10415.0,6001240.0,580.0,-5.0
2019-08-12,46.0,581.0,573.0,580.0,5810.0,3365960.0,575.0,5.0
2019-08-13,42.0,580.0,574.0,577.0,4565.0,2628515.0,580.0,-3.0
2019-08-14,40.0,579.0,571.0,573.0,4635.0,2657670.0,577.0,-4.0
2019-08-15,179.0,597.0,576.0,581.0,27566.0,16073670.0,573.0,8.0
2019-08-18,76.0,585.0,578.0,582.0,23761.0,13833318.0,581.0,1.0
2019-08-19,113.0,594.0,581.0,588.0,19937.0,11705665.0,582.0,6.0
2019-08-20,55.0,589.0,583.0,583.0,4743.0,2771325.0,588.0,-5.0
2019-08-21,71.0,584.0,576.0,582.0,12255.0,7124830.0,583.0,-1.0
2019-08-22,68.0,586.0,575.0,577.0,10684.0,6214325.0,582.0,-5.0
2019-08-25,76.0,578.0,567.0,578.0,9424.0,5388302.0,577.0,1.0
2019-08-26,49.0,574.0,570.0,573.0,10915.0,6246270.0,578.0,-5.0
2019-08-27,50.0,580.0,573.0,575.0,7860.0,4530105.0,573.0,2.0
2019-08-28,43.0,575.0,570.0,573.0,4276.0,2445746.0,575.0,-2.0
2019-08-29,111.0,580.0,560.0,563.0,15767.0,8915920.0,573.0,-10.0
2019-09-01,131.0,565.0,545.0,545.0,21700.0,11967460.0,563.0,-18.0
2019-09-02,181.0,555.0,527.0,530.0,28416.0,15151211.0,545.0,-15.0
2019-09-03,194.0,552.0,515.0,552.0,25468.0,13596337.0,530.0,22.0
2019-09-04,128.0,558.0,540.0,544.0,20583.0,11271938.0,552.0,-8.0
2019-09-05,77.0,554.0,540.0,542.0,10886.0,5937914.0,544.0,-2.0
2019-09-08,109.0,545.0,527.0,535.0,15206.0,8116588.0,542.0,-7.0
2019-09-09,25.0,538.0,529.0,538.0,1758.0,935700.0,535.0,3.0
2019-09-10,49.0,539.0,525.0,530.0,6930.0,3686785.0,538.0,-8.0
2019-09-11,73.0,533.0,522.0,528.0,9993.0,5260333.0,530.0,-2.0
2019-09-12,67.0,532.0,519.0,522.0,8896.0,4656435.0,528.0,-6.0
2019-09-15,121.0,517.0,502.0,509.0,18418.0,9368856.0,522.0,-13.0
2019-09-16,122.0,510.0,495.0,495.0,19582.0,9770538.0,509.0,-14.0
2019-09-17,229.0,544.0,504.0,544.0,38629.0,20343219.0,495.0,49.0
2019-09-18,611.0,593.0,544.0,589.0,109458.0,62427793.0,544.0,45.0
2019-09-19,529.0,606.0,572.0,572.0,89374.0,52462571.0,589.0,-17.0
2019-09-22,223.0,583.0,540.0,543.0,32906.0,18063447.0,572.0,-29.0
2019-09-23,149.0,570.0,535.0,553.0,21656.0,12052503.0,543.0,10.0
2019-09-24,106.0,559.0,543.0,547.0,18270.0,10008563.0,553.0,-6.0
2019-09-25,72.0,547.0,541.0,545.0,8971.0,4871620.0,547.0,-2.0
2019-09-26,56.0,552.0,541.0,542.0,4810.0,2618200.0,545.0,-3.0
2019-09-29,113.0,541.0,528.0,531.0,16930.0,9039455.0,542.0,-11.0
2019-09-30,91.0,552.0,529.0,550.0,12878.0,7034740.0,531.0,19.0
2019-10-01,552.0,540.0,515.0,520.0,82278.0,43003517.0,550.0,-30.0
2019-10-02,193.0,520.0,509.0,509.0,19982.0,10246059.0,520.0,-11.0
2019-10-03,144.0,523.0,500.0,513.0,18120.0,9213645.0,509.0,4.0
2019-10-10,30.0,520.0,508.0,508.0,2520.0,1293225.0,513.0,-5.0
2019-10-14,89.0,509.0,501.0,508.0,12635.0,6372734.0,508.0,0.0
2019-10-15,89.0,508.0,500.0,508.0,14422.0,7282892.0,508.0,0.0
2019-10-16,68.0,498.0,491.0,494.0,7310.0,3613326.0,508.0,-14.0
2019-10-17,60.0,495.0,490.0,491.0,4964.0,2437388.0,494.0,-3.0
2019-10-20,53.0,493.0,486.0,488.0,4776.0,2335530.0,491.0,-3.0
2019-10-21,79.0,489.0,480.0,485.0,13595.0,6556275.0,488.0,-3.0
2019-10-22,40.0,485.0,480.0,485.0,6586.0,3176350.0,485.0,0.0
2019-10-23,41.0,492.0,484.0,489.0,5640.0,2748640.0,485.0,4.0
2019-10-24,56.0,496.0,489.0,493.0,8650.0,4246510.0,489.0,4.0
2019-10-31,45.0,500.0,490.0,499.0,6195.0,3051525.0,493.0,6.0
2019-11-03,50.0,491.0,484.0,485.0,4881.0,2373134.0,499.0,-14.0
2019-11-04,53.0,487.0,481.0,483.0,7355.0,3547285.0,485.0,-2.0
2019-11-05,36.0,499.0,482.0,485.0,4590.0,2226085.0,483.0,2.0
2019-11-06,31.0,486.0,482.0,482.0,2449.0,1184385.0,485.0,-3.0
2019-11-07,58.0,488.0,480.0,480.0,6840.0,3299975.0,482.0,-2.0
2019-11-10,45.0,484.0,479.0,482.0,6690.0,3215150.0,480.0,2.0
2019-11-11,102.0,502.0,478.0,495.0,15827.0,7801453.0,482.0,13.0
2019-11-12,39.0,502.0,478.0,488.0,5847.0,2847583.0,495.0,-7.0
2019-11-13,34.0,486.0,481.0,482.0,3495.0,1686210.0,488.0,-6.0
2019-11-14,46.0,486.0,478.0,481.0,6275.0,3011955.0,482.0,-1.0
2019-11-17,535.0,479.0,433.0,433.0,91077.0,40434438.0,481.0,-48.0
2019-11-18,332.0,433.0,408.0,424.0,48812.0,20560690.0,433.0,-9.0
2019-11-19,42.0,425.0,417.0,425.0,4879.0,2042727.0,424.0,1.0
2019-11-20,118.0,430.0,414.0,419.0,19960.0,8393320.0,425.0,-6.0
2019-11-21,97.0,417.0,405.0,410.0,12935.0,5289875.0,419.0,-9.0
2019-11-24,110.0,418.0,396.0,400.0,16263.0,6496780.0,410.0,-10.0
2019-11-25,83.0,404.0,392.0,400.0,13225.0,5226779.0,400.0,0.0
2019-11-26,85.0,400.0,390.0,390.0,11960.0,4684420.0,400.0,-10.0
2019-11-27,74.0,402.0,390.0,399.0,12225.0,4839030.0,390.0,9.0
2019-11-28,50.0,404.0,391.0,391.0,9550.0,3754512.0,399.0,-8.0
2019-12-01,27.0,400.0,384.0,391.0,2764.0,1077020.0,391.0,0.0
2019-12-02,50.0,391.0,387.0,389.0,5290.0,2056980.0,391.0,-2.0
2019-12-03,56.0,392.0,383.0,389.0,9630.0,3741000.0,389.0,0.0
2019-12-04,72.0,394.0,384.0,384.0,10492.0,4062094.0,389.0,-5.0
2019-12-05,65.0,390.0,380.0,385.0,8767.0,3373689.0,384.0,1.0
2019-12-08,78.0,392.0,378.0,380.0,9504.0,3627354.0,385.0,-5.0
2019-12-09,85.0,400.0,381.0,388.0,15822.0,6134423.0,380.0,8.0
2019-12-10,89.0,394.0,380.0,384.0,11930.0,4586440.0,388.0,-4.0
2019-12-11,89.0,385.0,380.0,384.0,15525.0,5926390.0,384.0,0.0
2019-12-12,137.0,385.0,377.0,380.0,23251.0,8813713.0,384.0,-4.0
2019-12-15,307.0,377.0,351.0,363.0,55221.0,20124372.0,380.0,-17.0
2019-12-16,149.0,365.0,351.0,355.0,22057.0,7829511.0,363.0,-8.0
2019-12-17,92.0,361.0,352.0,360.0,12152.0,4324785.0,355.0,5.0
2019-12-18,107.0,362.0,351.0,355.0,19055.0,6781200.0,360.0,-5.0
2019-12-19,168.0,382.0,355.0,379.0,33500.0,12344165.0,355.0,24.0
2019-12-22,675.0,416.0,373.0,416.0,118717.0,47681937.0,379.0,37.0
2019-12-23,685.0,457.0,422.0,457.0,133065.0,58560152.0,416.0,41.0
2019-12-24,1126.0,493.0,441.0,445.0,219050.0,103312132.0,457.0,-12.0
2019-12-25,401.0,468.0,433.0,457.0,76856.0,34872916.0,445.0,12.0
2019-12-26,182.0,466.0,440.0,449.0,32960.0,14781605.0,457.0,-8.0
2019-12-29,185.0,463.0,433.0,441.0,31059.0,13801113.0,449.0,-8.0
2019-12-30,551.0,475.0,435.0,466.0,109063.0,50168048.0,441.0,25.0
2019-12-31,299.0,478.0,460.0,464.0,59228.0,27815832.0,466.0,-2.0
2020-01-01,140.0,472.0,460.0,468.0,32588.0,15248447.0,464.0,4.0
2020-01-02,725.0,502.0,460.0,489.0,188130.0,92149759.0,468.0,21.0
2020-01-05,511.0,509.0,484.0,490.0,113667.0,56227384.0,489.0,1.0
2020-01-06,303.0,499.0,478.0,484.0,77045.0,37303255.0,490.0,-6.0
2020-01-07,177.0,490.0,475.0,477.0,34035.0,16318575.0,484.0,-7.0
2020-01-08,137.0,490.0,471.0,482.0,24790.0,11915265.0,477.0,5.0
2020-01-09,137.0,490.0,476.0,477.0,30632.0,14749600.0,482.0,-5.0
2020-01-12,319.0,515.0,479.0,495.0,80580.0,39824149.0,477.0,18.0
2020-01-13,214.0,505.0,487.0,491.0,40469.0,19933345.0,495.0,-4.0
2020-01-14,121.0,494.0,485.0,490.0,25187.0,12311837.0,491.0,-1.0
2020-01-15,133.0,490.0,477.0,477.0,35944.0,17286612.0,490.0,-13.0
2020-01-16,858.0,524.0,475.0,524.0,265414.0,136002122.0,477.0,47.0
2020-01-19,751.0,566.0,525.0,542.0,183654.0,100850706.0,524.0,18.0
2020-01-20,533.0,552.0,511.0,515.0,110112.0,58030955.0,542.0,-27.0
2020-01-21,449.0,547.0,505.0,527.0,108179.0,57012616.0,515.0,12.0
2020-01-22,201.0,553.0,516.0,516.0,46306.0,24234919.0,527.0,-11.0
2020-01-23,233.0,529.0,508.0,511.0,49418.0,25384717.0,516.0,-5.0
2020-01-26,251.0,520.0,503.0,510.0,58838.0,30039663.0,511.0,-1.0
2020-01-27,168.0,518.0,505.0,511.0,35813.0,18308050.0,510.0,1.0
2020-01-28,145.0,519.0,506.0,506.0,33455.0,17052896.0,511.0,-5.0
2020-01-29,147.0,519.0,507.0,508.0,42633.0,21801221.0,506.0,2.0
2020-01-30,333.0,539.0,510.0,522.0,73610.0,38290977.0,508.0,14.0
2020-02-02,457.0,550.0,522.0,535.0,103631.0,55360819.0,522.0,13.0
2020-02-03,174.0,547.0,525.0,527.0,37585.0,19886190.0,535.0,-8.0
2020-02-04,150.0,536.0,501.0,521.0,36287.0,18948107.0,527.0,-6.0
2020-02-05,118.0,525.0,514.0,514.0,21534.0,11134534.0,521.0,-7.0
2020-02-06,122.0,522.0,510.0,512.0,16925.0,8702985.0,514.0,-2.0
2020-02-09,192.0,523.0,506.0,522.0,43144.0,22094971.0,512.0,10.0
2020-02-10,966.0,568.0,517.0,544.0,251062.0,136602463.0,522.0,22.0
2020-02-11,1064.0,573.0,524.0,558.0,272224.0,152023897.0,544.0,14.0
2020-02-12,544.0,586.0,545.0,579.0,175730.0,98445080.0,558.0,21.0
2020-02-13,644.0,590.0,568.0,577.0,168631.0,97534388.0,579.0,-2.0
2020-02-16,797.0,609.0,570.0,604.0,218650.0,130500269.0,577.0,27.0
2020-02-17,712.0,634.0,597.0,610.0,211415.0,129490238.0,604.0,6.0
2020-02-18,515.0,624.0,611.0,623.0,122625.0,75669491.0,610.0,13.0
2020-02-19,689.0,647.0,610.0,640.0,234747.0,147162913.0,623.0,17.0
2020-02-20,844.0,693.0,645.0,667.0,256902.0,170213095.0,640.0,27.0
2020-02-23,584.0,680.0,652.0,670.0,134267.0,88909359.0,667.0,3.0
2020-02-24,742.0,699.0,667.0,677.0,191116.0,130502713.0,670.0,7.0
2020-02-25,353.0,693.0,672.0,683.0,92434.0,63454775.0,677.0,6.0
2020-02-26,923.0,731.0,690.0,726.0,258669.0,184958163.0,683.0,43.0
2020-02-27,814.0,738.0,697.0,709.0,209359.0,148967087.0,726.0,-17.0
2020-03-01,581.0,712.0,668.0,672.0,133923.0,92303520.0,709.0,-37.0
2020-03-02,279.0,683.0,627.0,627.0,69446.0,45711666.0,672.0,-45.0
2020-03-03,577.0,669.0,605.0,640.0,124433.0,79434633.0,627.0,13.0
2020-03-04,452.0,655.0,603.0,608.0,105492.0,65341619.0,640.0,-32.0
2020-03-05,407.0,620.0,586.0,590.0,83780.0,50240427.0,608.0,-18.0
2020-03-10,165.0,586.0,535.0,535.0,39921.0,22438638.0,590.0,-55.0
2020-03-11,417.0,588.0,535.0,588.0,100768.0,57393427.0,535.0,53.0
2020-03-12,577.0,610.0,567.0,572.0,133489.0,78248139.0,588.0,-16.0
2020-03-15,419.0,600.0,539.0,549.0,136019.0,75737311.0,572.0,-23.0
2020-03-16,256.0,570.0,531.0,549.0,62775.0,34574716.0,549.0,0.0
2020-03-17,308.0,553.0,503.0,514.0,49181.0,25686681.0,549.0,-35.0
2020-03-18,330.0,523.0,487.0,498.0,63427.0,31477613.0,514.0,-16.0
2020-03-19,330.0,517.0,472.0,500.0,93612.0,46276328.0,498.0,2.0
2020-03-22,34.0,504.0,485.0,487.0,6300.0,3086630.0,500.0,-13.0
2020-05-12,3.0,478.0,473.0,473.0,82.0,38846.0,487.0,-14.0
2020-05-13,2.0,464.0,459.0,459.0,23.0,10622.0,473.0,-14.0
2020-06-29,182.0,499.0,414.0,500.0,45132.0,20358701.0,459.0,41.0
2020-06-30,108.0,550.0,501.0,550.0,23338.0,12630807.0,500.0,50.0
2020-07-01,77.0,595.0,561.0,583.0,44375.0,25781114.0,550.0,33.0
2020-07-02,109.0,580.0,532.0,532.0,28976.0,15615842.0,583.0,-51.0
2020-07-05,277.0,563.0,512.0,557.0,61319.0,33968353.0,532.0,25.0
2020-07-06,251.0,588.0,551.0,588.0,43649.0,24953194.0,557.0,31.0
2020-07-07,276.0,621.0,595.0,600.0,61122.0,36807655.0,588.0,12.0
2020-07-08,186.0,612.0,586.0,590.0,42042.0,25088530.0,600.0,-10.0
2020-07-09,150.0,603.0,576.0,600.0,30465.0,18063035.0,590.0,10.0
2020-07-12,119.0,612.0,590.0,603.0,16247.0,9764898.0,600.0,3.0
2020-07-13,122.0,615.0,599.0,601.0,19570.0,11779934.0,603.0,-2.0
2020-07-14,125.0,606.0,591.0,600.0,23739.0,14212693.0,601.0,-1.0
2020-07-15,123.0,610.0,584.0,598.0,20376.0,12131770.0,600.0,-2.0
2020-07-16,192.0,620.0,593.0,618.0,35812.0,21707133.0,598.0,20.0
2020-07-19,29.0,678.0,640.0,675.0,4215.0,2823380.0,618.0,57.0
2020-07-20,375.0,690.0,608.0,615.0,57703.0,36081760.0,675.0,-60.0
2020-07-21,235.0,632.0,601.0,615.0,39417.0,24207835.0,615.0,0.0
2020-07-22,98.0,626.0,606.0,608.0,22654.0,13878484.0,615.0,-7.0
2020-07-23,159.0,619.0,601.0,616.0,28785.0,17587209.0,608.0,8.0
2020-07-26,200.0,628.0,608.0,621.0,32356.0,20074305.0,616.0,5.0
2020-07-27,295.0,637.0,618.0,625.0,64082.0,40293974.0,621.0,4.0
2020-07-28,155.0,630.0,616.0,618.0,34339.0,21351574.0,625.0,-7.0
2020-07-29,245.0,617.0,592.0,595.0,49064.0,29691734.0,618.0,-23.0
2020-07-30,223.0,610.0,586.0,605.0,37889.0,22845911.0,595.0,10.0
2020-08-02,229.0,605.0,579.0,579.0,47024.0,27748467.0,605.0,-26.0
2020-08-03,121.0,594.0,560.0,583.0,13848.0,8060450.0,579.0,4.0
2020-08-05,177.0,579.0,565.0,570.0,26180.0,14943875.0,583.0,-13.0
2020-08-06,90.0,579.0,559.0,570.0,10623.0,6026301.0,570.0,0.0
2020-08-09,82.0,578.0,560.0,575.0,15901.0,9067469.0,570.0,5.0
2020-08-10,181.0,601.0,573.0,600.0,24350.0,14448865.0,575.0,25.0
2020-08-11,137.0,605.0,588.0,593.0,21303.0,12712613.0,600.0,-7.0
2020-08-12,109.0,600.0,585.0,595.0,20209.0,11967076.0,593.0,2.0
2020-08-13,77.0,588.0,581.0,584.0,7617.0,4441106.0,595.0,-11.0
2020-08-16,120.0,585.0,562.0,575.0,15446.0,8858510.0,584.0,-9.0
2020-08-17,89.0,590.0,570.0,576.0,14509.0,8358019.0,575.0,1.0
2020-08-18,149.0,600.0,574.0,600.0,21875.0,12901910.0,576.0,24.0
2020-08-19,131.0,590.0,575.0,582.0,21700.0,12685190.0,600.0,-18.0
2020-08-20,98.0,599.0,588.0,599.0,25565.0,15120495.0,582.0,17.0
2020-08-23,760.0,640.0,596.0,631.0,115729.0,71987381.0,599.0,32.0
2020-08-24,641.0,656.0,635.0,650.0,113929.0,73822137.0,631.0,19.0
2020-08-25,286.0,660.0,635.0,645.0,48845.0,31504509.0,650.0,-5.0
2020-08-26,339.0,658.0,635.0,647.0,74973.0,48750590.0,645.0,2.0
2020-08-27,452.0,680.0,637.0,680.0,146662.0,95188408.0,647.0,33.0
2020-08-30,547.0,697.0,662.0,686.0,115752.0,79006280.0,680.0,6.0
2020-08-31,1044.0,743.0,691.0,725.0,220413.0,157176759.0,686.0,39.0
2020-09-02,748.0,761.0,725.0,741.0,155636.0,114809786.0,725.0,16.0
2020-09-03,451.0,778.0,718.0,725.0,66644.0,48675040.0,741.0,-16.0
2020-09-06,554.0,761.0,702.0,704.0,110113.0,78448561.0,725.0,-21.0
2020-09-07,534.0,724.0,691.0,700.0,107004.0,75494825.0,704.0,-4.0
2020-09-08,541.0,739.0,699.0,739.0,114987.0,82849142.0,700.0,39.0
2020-09-09,704.0,765.0,739.0,741.0,168644.0,126341416.0,739.0,2.0
2020-09-10,359.0,765.0,741.0,744.0,96306.0,72029044.0,741.0,3.0
2020-09-13,796.0,781.0,731.0,742.0,142937.0,107635717.0,744.0,-2.0
2020-09-14,431.0,750.0,728.0,731.0,90210.0,66547199.0,742.0,-11.0
2020-09-15,325.0,740.0,720.0,722.0,57063.0,41394057.0,731.0,-9.0
2020-09-16,262.0,729.0,715.0,722.0,41293.0,29792150.0,722.0,0.0
2020-09-17,528.0,758.0,718.0,738.0,95467.0,70969651.0,722.0,16.0
2020-09-20,180.0,760.0,725.0,734.0,61728.0,45620687.0,738.0,-4.0
2020-09-21,242.0,747.0,726.0,738.0,45902.0,33789424.0,734.0,4.0
2020-09-22,214.0,740.0,717.0,723.0,34593.0,25045930.0,738.0,-15.0
2020-09-23,186.0,737.0,717.0,735.0,25181.0,18326961.0,723.0,12.0
2020-09-24,200.0,745.0,729.0,736.0,37231.0,27443835.0,735.0,1.0
2020-09-27,343.0,759.0,739.0,741.0,67890.0,50764511.0,736.0,5.0
2020-09-28,109.0,751.0,735.0,735.0,16237.0,11989655.0,741.0,-6.0
2020-09-29,139.0,749.0,733.0,738.0,26831.0,19775632.0,735.0,3.0
2020-09-30,122.0,740.0,726.0,731.0,21336.0,15609453.0,738.0,-7.0
2020-10-01,525.0,767.0,728.0,758.0,83583.0,62849515.0,731.0,27.0
2020-10-04,1773.0,833.0,760.0,830.0,336924.0,271656974.0,758.0,72.0
2020-10-05,647.0,850.0,800.0,801.0,96288.0,78529840.0,830.0,-29.0
2020-10-06,419.0,820.0,790.0,797.0,72579.0,58041899.0,801.0,-4.0
2020-10-07,456.0,816.0,780.0,798.0,124674.0,99629695.0,797.0,1.0
2020-10-08,373.0,813.0,788.0,793.0,86047.0,68761406.0,798.0,-5.0
2020-10-11,279.0,799.0,773.0,774.0,47721.0,37224080.0,793.0,-19.0
2020-10-12,263.0,785.0,765.0,767.0,37487.0,29022270.0,774.0,-7.0
2020-10-13,226.0,779.0,763.0,767.0,35859.0,27592148.0,767.0,0.0
2020-10-14,179.0,777.0,755.0,756.0,21703.0,16502049.0,767.0,-11.0
2020-10-15,621.0,800.0,758.0,758.0,89177.0,68491597.0,756.0,2.0
2020-10-18,212.0,773.0,750.0,751.0,27709.0,20912996.0,758.0,-7.0
2020-10-19,96.0,766.0,745.0,752.0,11014.0,8329493.0,751.0,1.0
2020-10-20,155.0,789.0,752.0,757.0,25685.0,19395188.0,752.0,5.0
2020-10-21,92.0,763.0,755.0,760.0,14337.0,10900692.0,757.0,3.0
2020-10-22,131.0,765.0,759.0,764.0,29493.0,22490556.0,760.0,4.0
2020-10-28,261.0,778.0,756.0,770.0,53224.0,40587930.0,764.0,6.0
2020-10-29,198.0,766.0,741.0,750.0,26199.0,19790648.0,770.0,-20.0
2020-11-01,169.0,760.0,740.0,743.0,27209.0,20256401.0,750.0,-7.0
2020-11-02,97.0,750.0,740.0,745.0,13892.0,10370359.0,743.0,2.0
2020-11-03,190.0,750.0,730.0,739.0,42630.0,31500625.0,745.0,-6.0
2020-11-04,114.0,741.0,733.0,734.0,15817.0,11663256.0,739.0,-5.0
2020-11-05,170.0,740.0,728.0,728.0,31267.0,22957745.0,734.0,-6.0
2020-11-08,626.0,782.0,735.0,768.0,135628.0,103546800.0,728.0,40.0
2020-11-09,376.0,790.0,761.0,770.0,58150.0,44980869.0,768.0,2.0
2020-11-10,480.0,800.0,774.0,781.0,117262.0,92550810.0,770.0,11.0
2020-11-11,885.0,844.0,788.0,843.0,181162.0,148089989.0,781.0,62.0
2020-11-12,810.0,870.0,828.0,832.0,180191.0,152414172.0,843.0,-11.0
2020-11-18,1036.0,915.0,832.0,909.0,254631.0,227954002.0,832.0,77.0
2020-11-19,854.0,951.0,905.0,925.0,172831.0,161862767.0,909.0,16.0
2020-11-22,1268.0,940.0,890.0,900.0,227401.0,207377645.0,925.0,-25.0
2020-11-23,781.0,940.0,890.0,913.0,146216.0,133490397.0,900.0,13.0
2020-11-24,855.0,994.0,915.0,980.0,156494.0,152302542.0,913.0,67.0
2020-11-25,1088.0,1078.0,990.0,1078.0,175213.0,185459340.0,980.0,98.0
2020-11-26,1539.0,1184.0,1066.0,1114.0,255508.0,289195532.0,1078.0,36.0
2020-11-29,1208.0,1140.0,1085.0,1090.0,217422.0,239842952.0,1114.0,-24.0
2020-11-30,863.0,1144.0,1049.0,1131.0,124890.0,137480874.0,1090.0,41.0
2020-12-01,1059.0,1225.0,1091.0,1209.0,176124.0,203722982.0,1131.0,78.0
2020-12-02,515.0,1329.0,1209.0,1329.0,88571.0,114932801.0,1209.0,120.0
2020-12-03,1531.0,1395.0,1261.0,1319.0,180864.0,238282110.0,1329.0,-10.0
2020-12-06,1371.0,1319.0,1188.0,1188.0,230711.0,286653473.0,1319.0,-131.0
2020-12-07,1305.0,1280.0,1134.0,1260.0,200247.0,243623830.0,1188.0,72.0
2020-12-08,953.0,1300.0,1193.0,1228.0,128782.0,161321084.0,1260.0,-32.0
2020-12-09,758.0,1252.0,1171.0,1179.0,90439.0,107321479.0,1228.0,-49.0
2020-12-10,789.0,1228.0,1158.0,1212.0,91137.0,109599592.0,1179.0,33.0
2020-12-13,782.0,1300.0,1210.0,1300.0,106869.0,133643525.0,1212.0,88.0
2020-12-14,1212.0,1388.0,1315.0,1372.0,143723.0,194545775.0,1300.0,72.0
2020-12-15,1045.0,1410.0,1322.0,1325.0,126544.0,172065546.0,1372.0,-47.0
2020-12-16,645.0,1351.0,1301.0,1326.0,77309.0,103161029.0,1325.0,1.0
2020-12-17,683.0,1350.0,1301.0,1309.0,104251.0,137719092.0,1326.0,-17.0
2020-12-20,1341.0,1310.0,1232.0,1232.0,223960.0,283421222.0,1309.0,-77.0
2020-12-21,1061.0,1309.0,1180.0,1298.0,134143.0,167442311.0,1232.0,66.0
2020-12-22,709.0,1355.0,1303.0,1337.0,84940.0,113629341.0,1298.0,39.0
2020-12-23,465.0,1370.0,1292.0,1320.0,89708.0,119354592.0,1337.0,-17.0
2020-12-24,461.0,1337.0,1295.0,1315.0,74154.0,97002618.0,1320.0,-5.0
2020-12-27,659.0,1341.0,1295.0,1314.0,104798.0,137653453.0,1315.0,-1.0
2020-12-28,996.0,1384.0,1295.0,1375.0,157046.0,211755575.0,1314.0,61.0
2020-12-29,1727.0,1497.0,1381.0,1453.0,192533.0,279380642.0,1375.0,78.0
2020-12-30,1672.0,1580.0,1462.0,1580.0,224404.0,344469479.0,1453.0,127.0
2020-12-31,1378.0,1620.0,1520.0,1541.0,169268.0,268345863.0,1580.0,-39.0
2021-01-03,868.0,1612.0,1521.0,1603.0,119493.0,190164799.0,1541.0,62.0
2021-01-04,776.0,1640.0,1557.0,1560.0,123483.0,195752658.0,1603.0,-43.0
2021-01-05,534.0,1600.0,1540.0,1573.0,57135.0,89799994.0,1560.0,13.0
2021-01-06,396.0,1600.0,1540.0,1570.0,64120.0,100835191.0,1573.0,-3.0
2021-01-07,524.0,1594.0,1570.0,1579.0,87829.0,139053392.0,1570.0,9.0
2021-01-10,552.0,1600.0,1566.0,1570.0,70598.0,111929890.0,1579.0,-9.0
2021-01-11,474.0,1648.0,1546.0,1558.0,58524.0,91183456.0,1570.0,-12.0
2021-01-12,320.0,1588.0,1552.0,1570.0,31125.0,48803243.0,1558.0,12.0
2021-01-13,973.0,1700.0,1555.0,1660.0,99454.0,163613761.0,1570.0,90.0
2021-01-17,495.0,1710.0,1650.0,1655.0,58166.0,96985081.0,1660.0,-5.0
2021-01-18,424.0,1720.0,1645.0,1670.0,51596.0,86110281.0,1655.0,15.0
2021-01-19,623.0,1694.0,1632.0,1638.0,83341.0,137378067.0,1670.0,-32.0
2021-01-20,422.0,1660.0,1600.0,1622.0,46478.0,75872353.0,1638.0,-16.0
2021-01-21,530.0,1647.0,1615.0,1626.0,56208.0,91391418.0,1622.0,4.0
2021-01-24,596.0,1698.0,1633.0,1648.0,62712.0,104388840.0,1626.0,22.0
2021-01-25,453.0,1671.0,1618.0,1640.0,44305.0,72574020.0,1648.0,-8.0
2021-01-26,502.0,1675.0,1608.0,1613.0,56156.0,91580693.0,1640.0,-27.0
2021-01-27,665.0,1625.0,1588.0,1590.0,70639.0,113414735.0,1613.0,-23.0
2021-01-28,863.0,1657.0,1589.0,1600.0,88248.0,143464427.0,1590.0,10.0
2021-01-31,1077.0,1652.0,1564.0,1570.0,135917.0,215175754.0,1600.0,-30.0
2021-02-01,581.0,1625.0,1579.0,1612.0,68739.0,110162250.0,1570.0,42.0
2021-02-02,499.0,1692.0,1617.0,1639.0,59619.0,97371688.0,1612.0,27.0
2021-02-03,513.0,1660.0,1595.0,1601.0,53334.0,86456573.0,1639.0,-38.0
2021-02-04,483.0,1630.0,1588.0,1610.0,50983.0,82245803.0,1601.0,9.0
2021-02-07,892.0,1705.0,1621.0,1645.0,82807.0,137795043.0,1610.0,35.0
2021-02-08,554.0,1687.0,1625.0,1630.0,53027.0,87420489.0,1645.0,-15.0
2021-02-09,1245.0,1630.0,1585.0,1581.0,110689.0,176698235.0,1630.0,-49.0
2021-02-10,718.0,1610.0,1546.0,1566.0,87992.0,138613070.0,1581.0,-15.0
2021-02-11,840.0,1597.0,1525.0,1544.0,80702.0,124994412.0,1566.0,-22.0
2021-02-14,766.0,1560.0,1507.0,1544.0,79734.0,121701182.0,1544.0,0.0
2021-02-15,423.0,1600.0,1555.0,1568.0,32477.0,51032942.0,1544.0,24.0
2021-02-16,422.0,1600.0,1531.0,1545.0,37227.0,57774146.0,1568.0,-23.0
2021-02-17,693.0,1550.0,1505.0,1509.0,60448.0,91730808.0,1545.0,-36.0
2021-02-18,627.0,1580.0,1480.0,1510.0,59141.0,89201535.0,1509.0,1.0
2021-02-21,521.0,1540.0,1493.0,1500.0,44378.0,66615507.0,1510.0,-10.0
2021-02-22,626.0,1530.0,1425.0,1482.0,58600.0,87320145.0,1500.0,-18.0
2021-02-23,679.0,1500.0,1437.0,1466.0,51842.0,75613021.0,1482.0,-16.0
2021-02-24,377.0,1527.0,1470.0,1488.0,33773.0,50346267.0,1466.0,22.0
2021-02-25,463.0,1562.0,1455.0,1465.0,31161.0,45857807.0,1488.0,-23.0
2021-02-28,863.0,1535.0,1390.0,1398.0,72562.0,102592430.0,1465.0,-67.0
2021-03-01,617.0,1470.0,1350.0,1422.0,55455.0,79035981.0,1398.0,24.0
2021-03-02,544.0,1440.0,1378.0,1388.0,36997.0,51689353.0,1422.0,-34.0
2021-03-03,748.0,1397.0,1320.0,1350.0,58382.0,78836505.0,1388.0,-38.0
2021-03-04,544.0,1399.0,1285.0,1392.0,42912.0,59490045.0,1350.0,42.0
2021-03-07,291.0,1401.0,1361.0,1370.0,20818.0,28641594.0,1392.0,-22.0
2021-03-09,360.0,1380.0,1330.0,1343.0,36158.0,48532994.0,1370.0,-27.0
2021-03-10,539.0,1375.0,1320.0,1362.0,51003.0,69006958.0,1343.0,19.0
2021-03-14,308.0,1365.0,1330.0,1340.0,26930.0,36102466.0,1362.0,-22.0
2021-03-15,333.0,1390.0,1324.0,1349.0,39158.0,53039061.0,1340.0,9.0
2021-03-16,283.0,1377.0,1343.0,1358.0,25890.0,35251422.0,1349.0,9.0
2021-03-17,344.0,1395.0,1354.0,1380.0,35061.0,48372253.0,1358.0,22.0
2021-03-18,765.0,1485.0,1385.0,1467.0,69583.0,100182885.0,1380.0,87.0
2021-03-21,1009.0,1525.0,1470.0,1520.0,79039.0,119019692.0,1467.0,53.0
2021-03-22,819.0,1521.0,1461.0,1468.0,69719.0,103385268.0,1520.0,-52.0
2021-03-23,388.0,1490.0,1426.0,1465.0,35477.0,51995501.0,1468.0,-3.0
2021-03-24,214.0,1494.0,1465.0,1472.0,18610.0,27501164.0,1465.0,7.0
2021-03-25,399.0,1484.0,1426.0,1432.0,33100.0,47826006.0,1472.0,-40.0
2021-03-29,219.0,1450.0,1417.0,1423.0,17334.0,24767127.0,1432.0,-9.0
2021-03-30,290.0,1435.0,1405.0,1416.0,26034.0,36900785.0,1423.0,-7.0
2021-03-31,203.0,1486.0,1421.0,1430.0,20490.0,29286234.0,1416.0,14.0
2021-04-01,306.0,1501.0,1421.0,1430.0,25020.0,35854278.0,1430.0,0.0
2021-04-04,374.0,1458.0,1421.0,1427.0,37300.0,53412642.0,1430.0,-3.0
2021-04-05,293.0,1470.0,1421.0,1435.0,28216.0,40539644.0,1427.0,8.0
2021-04-06,666.0,1518.0,1415.0,1502.0,68539.0,101372571.0,1435.0,67.0
2021-04-07,334.0,1519.0,1471.0,1472.0,21220.0,31456257.0,1502.0,-30.0
2021-04-08,260.0,1485.0,1460.0,1466.0,19175.0,28207800.0,1472.0,-6.0
2021-04-12,336.0,1474.0,1444.0,1454.0,31149.0,45248018.0,1466.0,-12.0
2021-04-13,245.0,1526.0,1440.0,1447.0,23271.0,33755440.0,1454.0,-7.0
2021-04-15,435.0,1509.0,1435.0,1456.0,37396.0,55217221.0,1447.0,9.0
2021-04-18,260.0,1500.0,1439.0,1442.0,19709.0,28637691.0,1456.0,-14.0
2021-04-19,251.0,1470.0,1420.0,1440.0,28528.0,41116374.0,1442.0,-2.0
2021-04-20,265.0,1450.0,1425.0,1444.0,25925.0,37249074.0,1440.0,4.0
2021-04-21,241.0,1440.0,1410.0,1414.0,21271.0,30222610.0,1444.0,-30.0
2021-04-22,388.0,1442.0,1393.0,1424.0,44238.0,62494992.0,1414.0,10.0
2021-04-25,530.0,1424.0,1370.0,1390.0,57241.0,79581235.0,1424.0,-34.0
2021-04-26,497.0,1415.0,1338.0,1359.0,52579.0,72199419.0,1390.0,-31.0
2021-04-27,566.0,1470.0,1359.0,1450.0,72073.0,102026140.0,1359.0,91.0
2021-04-28,714.0,1490.0,1422.0,1464.0,73686.0,108060365.0,1450.0,14.0
2021-04-29,1196.0,1530.0,1451.0,1508.0,125369.0,187222207.0,1464.0,44.0
2021-05-02,1327.0,1583.0,1498.0,1558.0,129104.0,200377636.0,1508.0,50.0
2021-05-03,745.0,1579.0,1525.0,1528.0,82421.0,127445203.0,1558.0,-30.0
2021-05-04,443.0,1545.0,1500.0,1533.0,48894.0,74617360.0,1528.0,5.0
2021-05-05,390.0,1550.0,1507.0,1510.0,28990.0,44164397.0,1533.0,-23.0
2021-05-06,438.0,1585.0,1478.0,1488.0,44092.0,65676068.0,1510.0,-22.0
2021-05-09,344.0,1485.0,1450.0,1456.0,33842.0,49557328.0,1488.0,-32.0
2021-05-10,617.0,1520.0,1455.0,1503.0,70839.0,106327351.0,1456.0,47.0
2021-05-11,1105.0,1569.0,1500.0,1545.0,105252.0,162270429.0,1503.0,42.0
2021-05-12,951.0,1600.0,1520.0,1540.0,93874.0,145672053.0,1545.0,-5.0
2021-05-13,478.0,1550.0,1515.0,1520.0,55259.0,84199839.0,1540.0,-20.0
2021-05-16,617.0,1554.0,1528.0,1537.0,65971.0,101615050.0,1520.0,17.0
2021-05-17,490.0,1565.0,1461.0,1528.0,41051.0,63322371.0,1537.0,-9.0
2021-05-18,488.0,1555.0,1500.0,1524.0,60080.0,92570237.0,1528.0,-4.0
2021-05-19,458.0,1570.0,1510.0,1515.0,41496.0,63383961.0,1524.0,-9.0
2021-05-20,338.0,1525.0,1505.0,1507.0,24188.0,36605543.0,1515.0,-8.0
2021-05-23,505.0,1510.0,1460.0,1505.0,44945.0,67375737.0,1507.0,-2.0
2021-05-24,509.0,1520.0,1483.0,1485.0,34402.0,51438158.0,1505.0,-20.0
2021-05-25,400.0,1518.0,1460.0,1479.0,37331.0,55423795.0,1485.0,-6.0
2021-05-27,548.0,1520.0,1450.0,1491.0,46760.0,69720889.0,1479.0,12.0
2021-05-30,453.0,1551.0,1483.0,1485.0,47482.0,71213311.0,1491.0,-6.0
2021-05-31,502.0,1500.0,1455.0,1460.0,38184.0,56176039.0,1485.0,-25.0
2021-06-01,369.0,1480.0,1450.0,1455.0,29235.0,42670156.0,1460.0,-5.0
2021-06-02,538.0,1480.0,1395.0,1500.0,48233.0,71560445.0,1455.0,45.0
2021-06-03,1721.0,1576.0,1515.0,1545.0,209641.0,325008732.0,1500.0,45.0
2021-06-06,480.0,1560.0,1516.0,1520.0,41804.0,64003255.0,1545.0,-25.0
2021-06-07,496.0,1529.0,1496.0,1499.0,62956.0,94998802.0,1520.0,-21.0
2021-06-08,1289.0,1571.0,1505.0,1558.0,164939.0,254447194.0,1499.0,59.0
2021-06-09,2655.0,1685.0,1566.0,1640.0,243113.0,397708469.0,1558.0,82.0
2021-06-10,1247.0,1700.0,1588.0,1616.0,112349.0,183367240.0,1640.0,-24.0
2021-06-13,1030.0,1645.0,1588.0,1610.0,120016.0,192893077.0,1616.0,-6.0
2021-06-14,776.0,1641.0,1531.0,1592.0,59563.0,95734046.0,1610.0,-18.0
2021-06-15,1042.0,1655.0,1581.0,1590.0,116330.0,187046765.0,1592.0,-2.0
2021-06-16,994.0,1605.0,1535.0,1555.0,95171.0,148910726.0,1590.0,-35.0
2021-06-17,429.0,1569.0,1538.0,1542.0,33965.0,52771211.0,1555.0,-13.0
2021-06-20,976.0,1572.0,1479.0,1499.0,79345.0,119784187.0,1542.0,-43.0
2021-06-21,656.0,1530.0,1458.0,1459.0,54448.0,80464249.0,1499.0,-40.0
2021-06-22,539.0,1550.0,1388.0,1495.0,45400.0,67526140.0,1459.0,36.0
2021-06-23,480.0,1510.0,1454.0,1456.0,32195.0,47142191.0,1495.0,-39.0
2021-06-24,371.0,1528.0,1436.0,1439.0,32803.0,47653767.0,1456.0,-16.0
2021-06-27,257.0,1467.0,1426.0,1450.0,29345.0,42515790.0,1439.0,11.0
2021-06-28,248.0,1522.0,1440.0,1444.0,16097.0,23373426.0,1450.0,-6.0
2021-06-29,227.0,1464.0,1435.0,1439.0,19077.0,27601097.0,1444.0,-5.0
2021-06-30,295.0,1468.0,1400.0,1468.0,32210.0,46225982.0,1439.0,29.0
2021-07-01,242.0,1482.0,1455.0,1468.0,23924.0,35066930.0,1468.0,0.0
2021-07-04,225.0,1475.0,1439.0,1439.0,14290.0,20744246.0,1468.0,-29.0
2021-07-05,546.0,1524.0,1436.0,1472.0,41653.0,61543049.0,1439.0,33.0
2021-07-06,887.0,1527.0,1469.0,1514.0,66045.0,99651522.0,1472.0,42.0
2021-07-07,304.0,1537.0,1466.0,1483.0,21788.0,32375337.0,1514.0,-31.0
2021-07-08,236.0,1490.0,1465.0,1475.0,20873.0,30824500.0,1483.0,-8.0
2021-07-11,217.0,1548.0,1488.0,1497.0,16832.0,25223145.0,1475.0,22.0
2021-07-12,404.0,1513.0,1459.0,1465.0,30846.0,45502551.0,1497.0,-32.0
2021-07-13,199.0,1493.0,1462.0,1465.0,14227.0,20900659.0,1465.0,0.0
2021-07-14,195.0,1470.0,1456.0,1459.0,13406.0,19579635.0,1465.0,-6.0
2021-07-15,240.0,1469.0,1450.0,1458.0,16313.0,23805538.0,1459.0,-1.0
2021-07-18,216.0,1494.0,1473.0,1485.0,17460.0,25929906.9,1458.0,27.0
2021-07-19,820.0,1530.0,1500.0,1515.0,56381.0,85620596.7,1485.0,30.0
2021-07-20,542.0,1545.0,1513.0,1514.0,44259.0,67474351.9,1515.0,-1.0
2021-07-22,289.0,1530.0,1494.0,1496.0,28229.0,42390763.0,1514.0,-18.0
2021-07-25,290.0,1510.0,1482.0,1493.0,20508.0,30590133.0,1496.0,-3.0
2021-07-26,349.0,1519.0,1480.0,1484.0,32729.0,48884413.5,1493.0,-9.0
2021-07-27,1125.0,1580.0,1489.0,1568.0,107364.0,165460477.2,1484.0,85.0
2021-07-28,547.0,1599.0,1535.0,1549.0,47037.0,73492701.8,1568.0,-22.9
2021-07-29,494.0,1570.0,1536.7,1560.0,48632.0,75503484.6,1549.0,11.0
2021-08-01,338.0,1580.0,1540.0,1542.0,26812.0,41663554.2,1560.0,-18.0
2021-08-02,314.0,1570.0,1532.0,1547.0,27233.0,42240162.8,1542.0,5.0
2021-08-03,236.0,1570.0,1539.0,1549.0,21511.0,33322298.0,1547.0,2.0
2021-08-04,790.0,1601.0,1550.0,1560.0,63137.0,99399825.0,1549.0,11.0
2021-08-05,343.0,1572.0,1532.0,1544.9,32217.0,50019027.8,1560.0,-15.1
2021-08-08,252.0,1565.0,1545.0,1547.0,22675.0,35243649.2,1544.9,5.1
2021-08-09,298.0,1550.0,1520.0,1524.0,22457.0,34376140.5,1547.0,-23.0
2021-08-10,283.0,1550.0,1525.0,1545.0,32341.0,49636101.5,1524.0,21.0
2021-08-11,330.0,1575.9,1545.0,1556.0,30966.0,48161492.6,1545.0,11.0
2021-08-12,1587.0,1643.0,1539.0,1617.0,158066.0,254433072.4,1556.0,61.0
2021-08-15,1197.0,1670.0,1584.0,1597.0,126070.0,203459245.9,1617.0,-20.0
2021-08-16,643.0,1642.2,1590.0,1605.0,78141.0,125291047.1,1597.0,8.0
2021-08-17,1044.0,1666.0,1600.0,1630.0,103604.0,169954483.8,1605.0,25.0
2021-08-18,2374.0,1793.0,1640.0,1793.0,239956.0,420538937.3,1630.0,163.0
2021-08-19,2203.0,1910.0,1793.0,1800.0,176321.0,325000194.8,1793.0,7.0
2021-08-24,1059.0,1836.0,1740.0,1750.0,109255.0,192745104.4,1800.0,-50.0
2021-08-25,1088.0,1749.8,1686.0,1699.0,122362.0,209456738.8,1750.0,-51.0
2021-08-26,736.0,1715.0,1657.2,1681.0,66917.0,112350845.9,1699.0,-39.0
2021-08-29,1123.0,1754.0,1681.0,1700.0,107151.0,183673239.4,1681.0,19.0
2021-08-31,901.0,1705.0,1618.0,1625.0,78644.0,130431387.7,1700.0,-75.0
2021-09-01,591.0,1659.9,1610.0,1621.0,51789.0,84883535.9,1625.0,-4.0
2021-09-02,579.0,1655.0,1559.0,1571.0,57195.0,91677261.0,1621.0,-50.0
2021-09-05,729.0,1569.0,1492.0,1514.0,75820.0,114898162.5,1571.0,-57.0
2021-09-06,557.0,1624.0,1503.0,1624.0,55887.0,87129328.0,1514.0,110.0
2021-09-07,420.0,1630.0,1558.0,1569.0,36832.0,58094167.0,1624.0,-55.0
2021-09-08,361.0,1569.0,1515.0,1518.0,30674.0,46880240.7,1569.0,-51.0
2021-09-09,320.0,1535.0,1510.0,1515.0,30801.0,46770941.5,1518.0,-3.0
2021-09-12,373.0,1605.0,1515.0,1605.0,30927.0,48348136.4,1515.0,90.0
2021-09-13,310.0,1630.0,1560.0,1569.0,29942.0,47213756.1,1605.0,-36.0
2021-09-14,214.0,1580.0,1540.0,1549.5,22007.0,34214789.5,1569.0,-19.5
2021-09-15,252.0,1579.0,1530.0,1536.0,23076.0,35654187.0,1549.5,-13.5
2021-09-16,489.0,1531.0,1490.0,1491.1,51569.0,77547028.9,1536.0,-44.9
2021-09-20,413.0,1505.0,1460.0,1480.0,47762.0,70455419.6,1491.1,-11.1
2021-09-21,363.0,1505.0,1440.0,1469.0,32542.0,47901737.1,1480.0,-11.0
2021-09-22,253.0,1540.0,1480.0,1520.0,30531.0,46247933.3,1469.0,51.0
2021-09-23,232.0,1534.0,1475.0,1475.0,17080.0,25549852.5,1520.0,-45.0
2021-09-26,277.0,1489.0,1430.0,1430.1,20655.0,29891486.5,1475.0,-44.9
2021-09-27,299.0,1440.0,1385.0,1392.0,22840.0,32001625.9,1430.1,-38.1
2021-09-28,303.0,1410.0,1370.0,1380.1,41838.0,58000859.0,1392.0,-11.9
2021-09-29,187.0,1428.0,1378.0,1428.0,19003.0,26589004.1,1380.1,47.9
2021-09-30,160.0,1427.0,1385.0,1385.0,12752.0,17910868.0,1428.0,-43.0
2021-10-03,172.0,1410.0,1350.0,1358.0,14846.0,20283987.2,1385.0,-27.0
2021-10-04,167.0,1377.0,1331.1,1355.0,15259.0,20568135.5,1358.0,-3.0
2021-10-05,95.0,1395.0,1355.0,1371.0,7063.0,9724436.7,1355.0,16.0
2021-10-06,158.0,1430.0,1375.0,1424.0,19092.0,26800859.0,1371.0,53.0
2021-10-10,904.0,1395.6,1328.0,1332.0,60501.0,81770499.0,1424.0,-92.0
2021-10-11,594.0,1358.6,1274.0,1290.0,40674.0,52461102.5,1332.0,-42.0
2021-10-17,138.0,1325.0,1293.6,1324.0,9077.0,11923657.2,1290.0,34.0
2021-10-18,281.0,1324.0,1265.0,1272.0,18290.0,23455543.5,1324.0,-52.0
2021-10-19,381.0,1270.0,1195.0,1210.0,36395.0,44135091.4,1272.0,-62.0
2021-10-20,229.0,1295.0,1221.0,1274.9,20760.0,25940394.9,1210.0,64.9
2021-10-21,180.0,1286.0,1225.0,1225.0,11576.0,14515489.3,1274.9,-49.9
2021-10-24,351.0,1274.0,1220.0,1261.1,23113.0,29032449.5,1225.0,36.1
2021-10-25,272.0,1379.0,1212.0,1315.0,21159.0,26904652.5,1261.1,53.9
2021-10-26,348.0,1387.0,1318.0,1387.0,31429.0,42543843.5,1315.0,72.0
2021-10-27,296.0,1400.0,1356.0,1370.0,28671.0,39665105.2,1387.0,-17.0
2021-10-28,157.0,1395.0,1342.7,1353.0,9861.0,13417007.8,1370.0,-17.0
2021-10-31,287.0,1430.0,1350.0,1425.0,34257.0,47838270.5,1353.0,72.0
2021-11-01,367.0,1453.5,1368.0,1381.0,29540.0,41206771.5,1425.0,-44.0
2021-11-02,186.0,1390.0,1350.0,1390.0,20370.0,28124856.4,1381.0,9.0
2021-11-03,259.0,1430.0,1389.0,1405.0,25093.0,35378647.3,1390.0,15.0
2021-11-08,126.0,1420.0,1381.0,1397.0,15915.0,22234589.2,1405.0,-8.0
2021-11-09,274.0,1397.0,1315.1,1344.0,17666.0,23609929.6,1397.0,-53.0
2021-11-11,288.0,1328.0,1288.0,1295.0,23981.0,31217820.5,1344.0,-49.0
2021-11-14,137.0,1319.0,1275.0,1312.0,8822.0,11546242.5,1295.0,17.0
2021-11-15,115.0,1349.0,1317.0,1336.1,10162.0,13595396.2,1312.0,24.1
2021-11-16,163.0,1360.0,1300.0,1345.0,13782.0,18425159.8,1336.1,8.9
2021-11-17,219.0,1380.0,1345.1,1345.1,19936.0,27004222.0,1345.0,0.1
2021-11-18,165.0,1355.0,1318.0,1323.0,15031.0,20047212.2,1345.1,-22.1
2021-11-21,331.0,1400.0,1298.0,1374.0,27269.0,37132041.8,1323.0,51.0
2021-11-22,155.0,1380.0,1350.0,1354.0,12952.0,17633524.2,1374.0,-20.0
2021-11-23,179.0,1355.0,1311.0,1319.0,11254.0,14877367.0,1354.0,-35.0
2021-11-24,180.0,1344.3,1292.0,1337.0,13916.0,18319951.0,1319.0,18.0
2021-11-25,107.0,1344.9,1315.0,1320.0,7120.0,9421784.0,1337.0,-17.0
2021-11-28,282.0,1340.0,1250.0,1263.0,22784.0,29100633.9,1320.0,-57.0
2021-11-29,182.0,1300.0,1241.0,1260.0,11482.0,14554506.0,1263.0,-3.0
2021-11-30,171.0,1300.0,1241.0,1255.0,15340.0,19202672.2,1260.0,-5.0
2021-12-01,103.0,1295.0,1263.0,1280.0,7844.0,10022643.4,1255.0,25.0
2021-12-02,188.0,1275.0,1235.0,1245.0,13804.0,17225187.0,1280.0,-35.0
2021-12-05,149.0,1247.9,1220.1,1228.0,14899.0,18323331.0,1245.0,-17.0
2021-12-06,178.0,1250.0,1206.0,1243.1,14686.0,18002328.0,1228.0,15.1
2021-12-07,127.0,1265.0,1211.3,1211.3,7071.0,8744237.0,1243.1,-31.8
2021-12-08,173.0,1220.0,1187.0,1187.0,12245.0,14700724.0,1211.3,-24.3
2021-12-09,192.0,1183.0,1140.0,1156.0,19919.0,23010264.9,1187.0,-31.0
2021-12-12,203.0,1156.0,1101.0,1104.0,18492.0,20856287.0,1156.0,-52.0
2021-12-13,334.0,1120.0,1027.0,1027.9,37461.0,39847488.9,1104.0,-76.1
2021-12-14,139.0,1129.9,1030.0,1129.8,11204.0,12138844.0,1027.9,101.9
2021-12-15,230.0,1180.0,1080.0,1111.0,17004.0,19366316.5,1129.8,-18.8
2021-12-16,140.0,1114.0,1067.3,1087.0,11777.0,12859210.2,1111.0,-24.0
2021-12-20,167.0,1121.0,1063.3,1080.0,13709.0,14984332.6,1087.0,-7.0
2021-12-21,106.0,1123.6,1097.0,1122.0,6043.0,6707728.5,1080.0,42.0
2021-12-22,306.0,1234.2,1132.0,1234.2,29030.0,35156968.5,1122.0,112.2
2021-12-23,743.0,1345.0,1226.0,1311.0,75309.0,97973266.05,1234.2,76.8
2021-12-26,900.0,1441.0,1311.0,1441.0,111489.0,155207339.3,1311.0,130.0
2021-12-27,1113.0,1475.0,1398.0,1398.1,182731.0,263712881.4,1441.0,-42.9
2021-12-28,654.0,1450.0,1365.0,1448.0,58809.0,83129928.2,1398.1,49.9
2021-12-29,826.0,1501.4,1428.0,1480.0,84044.0,124055049.8,1448.0,32.0
2022-01-02,863.0,1538.0,1451.1,1526.0,155477.0,234981678.8,1480.0,46.0
2022-01-03,902.0,1561.0,1514.0,1525.0,105632.0,162652931.5,1526.0,-1.0
2022-01-04,533.0,1551.0,1500.0,1520.0,62734.0,95736824.6,1525.0,-5.0
2022-01-05,748.0,1570.0,1505.0,1523.0,122280.0,187262331.9,1520.0,3.0
2022-01-06,429.0,1538.0,1513.2,1515.0,56156.0,85363173.3,1523.0,-8.0
2022-01-09,1016.0,1587.0,1531.0,1566.0,123886.0,193989035.5,1515.0,51.0
2022-01-10,618.0,1584.0,1540.0,1545.0,79845.0,124449335.5,1566.0,-21.0
2022-01-11,574.0,1559.9,1520.0,1522.0,64479.0,99262589.0,1545.0,-23.0
2022-01-12,685.0,1539.0,1490.0,1490.3,62686.0,94841420.1,1522.0,-31.7
2022-01-13,337.0,1525.0,1485.0,1507.0,33383.0,50212362.1,1490.3,16.7
2022-01-16,1154.0,1609.0,1516.2,1607.0,165903.0,263378622.7,1507.0,100.0
2022-01-17,1048.0,1671.8,1580.0,1635.0,128877.0,211235916.2,1607.0,28.0
2022-01-18,720.0,1667.7,1573.2,1590.0,89859.0,143744898.5,1635.0,-45.0
2022-01-19,706.0,1604.0,1553.0,1558.0,61410.0,96432914.3,1590.0,-32.0
2022-01-20,497.0,1598.0,1540.0,1565.0,40462.0,63536012.1,1558.0,7.0
2022-01-23,415.0,1594.0,1550.0,1557.1,44642.0,70327655.3,1565.0,-7.9
2022-01-24,637.0,1560.0,1492.0,1499.0,58304.0,88631205.2,1557.1,-58.1
2022-01-25,437.0,1528.0,1475.0,1487.0,37953.0,56990184.5,1499.0,-12.0
2022-01-26,445.0,1508.0,1460.0,1490.0,38160.0,56694515.4,1487.0,3.0
2022-01-27,476.0,1565.0,1486.0,1500.0,57166.0,86387176.6,1490.0,10.0
2022-01-30,538.0,1590.0,1510.0,1528.0,81601.0,124497760.7,1500.0,28.0
2022-01-31,331.0,1550.0,1493.0,1503.0,35191.0,53135422.2,1528.0,-25.0
2022-02-01,299.0,1510.0,1490.0,1496.0,25534.0,38371671.1,1503.0,-7.0
2022-02-03,488.0,1524.0,1470.0,1470.0,57741.0,85999213.7,1496.0,-26.0
2022-02-06,279.0,1498.0,1459.0,1471.0,20436.0,30134939.0,1470.0,1.0
2022-02-07,201.0,1499.0,1466.2,1472.1,18833.0,27860758.6,1471.0,1.1
2022-02-08,439.0,1528.0,1486.0,1493.1,56032.0,84233112.5,1472.1,21.0
2022-02-09,434.0,1522.0,1490.0,1503.0,52411.0,79061155.2,1493.1,9.9
2022-02-10,433.0,1525.0,1491.2,1506.2,53977.0,81523761.8,1503.0,3.2
2022-02-13,751.0,1500.0,1396.0,1401.0,77936.0,111315457.4,1506.2,-105.2
2022-02-14,347.0,1480.0,1390.0,1407.0,37741.0,53355237.9,1401.0,6.0
2022-02-15,159.0,1427.0,1400.0,1420.0,13276.0,18725148.8,1407.0,13.0
2022-02-16,499.0,1425.0,1371.1,1384.0,47455.0,66125503.4,1420.0,-36.0
2022-02-17,258.0,1422.0,1370.0,1400.0,23685.0,33274880.6,1384.0,16.0
2022-02-20,387.0,1398.0,1350.0,1359.0,36092.0,49622789.6,1400.0,-41.0
2022-02-21,429.0,1405.0,1340.0,1379.0,48041.0,65279023.6,1359.0,20.0
2022-02-22,351.0,1390.0,1357.0,1374.0,31944.0,43941269.4,1379.0,-5.0
2022-02-23,314.0,1393.0,1342.0,1349.0,22109.0,29911469.0,1374.0,-25.0
2022-02-24,514.0,1358.9,1300.0,1313.0,39436.0,52007704.8,1349.0,-36.0
2022-02-27,662.0,1330.0,1265.4,1273.0,53100.0,68307866.5,1313.0,-40.0
2022-02-28,892.0,1298.4,1226.1,1235.0,76521.0,95059937.9,1273.0,-38.0
2022-03-02,1159.0,1229.0,1157.0,1168.0,104239.0,122375832.8,1235.0,-67.0
2022-03-06,1914.0,1160.0,1074.0,1085.0,136546.0,152282022.6,1168.0,-83.0
2022-03-07,1428.0,1123.0,1030.0,1107.0,253914.0,276932863.5,1085.0,22.0
2022-03-09,616.0,1135.0,1086.0,1097.0,52474.0,57764319.5,1107.0,-10.0
2022-03-10,553.0,1154.9,1090.0,1150.0,48796.0,54745756.7,1097.0,53.0
2022-03-13,1295.0,1254.0,1155.0,1251.0,289015.0,343650954.1,1150.0,101.0
2022-03-14,446.0,1276.0,1228.0,1240.0,36478.0,45414197.9,1251.0,-11.0
2022-03-15,891.0,1246.0,1180.0,1200.0,75639.0,91466644.0,1240.0,-40.0
2022-03-16,425.0,1209.0,1180.1,1189.0,34289.0,40886860.7,1200.0,-11.0
2022-03-20,418.0,1198.0,1160.0,1165.0,40183.0,46976560.3,1189.0,-24.0
2022-03-21,623.0,1179.0,1145.0,1160.0,75314.0,87366017.3,1165.0,-5.0
2022-03-22,547.0,1195.0,1165.0,1170.0,73166.0,86237738.1,1160.0,10.0
2022-03-23,410.0,1188.9,1149.0,1152.0,45443.0,52746802.0,1170.0,-18.0
2022-03-24,598.0,1156.0,1110.2,1115.0,57858.0,65482809.3,1152.0,-37.0
2022-03-27,910.0,1137.0,1065.0,1071.0,93099.0,101192152.2,1115.0,-44.0
2022-03-28,659.0,1090.0,1049.0,1049.0,46001.0,48845231.6,1071.0,-22.0
2022-03-29,650.0,1083.0,1025.0,1047.0,75614.0,79199051.5,1049.0,-2.0
2022-03-30,531.0,1083.0,1045.0,1080.0,58023.0,61965274.3,1047.0,33.0
2022-03-31,472.0,1091.0,1055.0,1057.0,36699.0,39207008.0,1080.0,-23.0
2022-04-03,250.0,1059.9,1048.0,1050.0,15639.0,16459135.4,1057.0,-7.0
2022-04-04,360.0,1070.0,1042.1,1050.0,27220.0,28683356.3,1050.0,0.0
2022-04-05,550.0,1055.0,1028.0,1040.0,46212.0,48110830.6,1050.0,-10.0
2022-04-06,441.0,1075.0,1031.0,1054.0,50336.0,53111721.3,1040.0,14.0
2022-04-07,537.0,1076.0,1057.3,0.0,47470.0,50655408.3,1054.0,7.0
2022-04-11,609.0,1103.0,1026.0,1027.0,56103.0,58834765.9,1061.0,-34.0
2022-04-12,625.0,1045.0,992.0,999.0,38647.0,38830561.5,1027.0,-28.0
2022-04-13,863.0,1011.0,980.0,990.0,85058.0,84334936.0,999.0,-9.0
2022-04-17,436.0,1009.0,957.7,961.0,34280.0,33594624.9,990.0,-29.0
2022-04-18,558.0,972.0,920.0,938.0,33886.0,31717644.7,961.0,-23.0
2022-04-19,297.0,960.2,919.0,949.0,18673.0,17648558.0,938.0,11.0
2022-04-20,396.0,954.5,910.0,911.0,26029.0,24115883.1,949.0,-38.0
2022-04-21,380.0,950.0,903.2,939.0,22686.0,20822960.8,911.0,28.0
2022-04-24,870.0,977.0,940.0,962.9,122609.0,117622733.4,939.0,23.9
2022-04-25,663.0,978.0,930.0,937.0,69506.0,66208164.8,962.9,-25.9
2022-04-26,223.0,955.5,929.0,934.0,21790.0,20518057.0,937.0,-3.0
2022-04-27,222.0,942.0,922.0,936.5,19401.0,18111865.9,934.0,2.5
2022-04-28,530.0,950.0,909.5,915.0,39571.0,36418997.0,936.5,-21.5
2022-05-02,721.0,920.0,868.0,879.0,48039.0,42523916.2,915.0,-36.0
2022-05-04,427.0,879.0,850.0,860.0,27476.0,23708324.6,879.0,-19.0
2022-05-05,391.0,868.0,843.0,855.0,41291.0,35092173.3,860.0,-5.0
2022-05-08,337.0,860.0,838.5,848.0,38752.0,32799804.3,855.0,-7.0
2022-05-09,461.0,867.0,850.0,850.0,45101.0,38671992.4,848.0,2.0
2022-05-10,379.0,870.0,850.0,859.0,36614.0,31441682.9,850.0,9.0
2022-05-11,761.0,885.0,840.0,870.0,78441.0,67588437.8,859.0,11.0
2022-05-12,1197.0,935.0,870.0,915.0,122046.0,111067418.5,870.0,45.0
2022-05-17,527.0,910.0,863.0,885.0,41319.0,36638341.0,915.0,-30.0
2022-05-18,333.0,895.0,857.0,884.0,23006.0,20140316.1,885.0,-1.0
2022-05-19,367.0,889.0,855.0,858.0,31376.0,27201488.7,884.0,-26.0
2022-05-20,192.0,869.7,851.0,855.0,15615.0,13357007.2,858.0,-3.0
2022-05-23,370.0,855.0,830.0,834.9,27350.0,22859445.8,855.0,-20.1
2022-05-24,231.0,876.0,834.0,863.0,16623.0,14291601.5,834.9,28.1
2022-05-25,192.0,878.0,860.0,861.0,12699.0,10998132.0,863.0,-2.0
2022-05-26,186.0,873.9,853.0,864.9,14340.0,12352034.1,861.0,3.9
2022-05-27,211.0,875.0,845.4,860.0,15244.0,13011534.0,864.9,-4.9
2022-05-30,372.0,880.0,830.0,830.0,28746.0,24264787.5,860.0,-30.0
2022-05-31,371.0,845.0,804.9,815.0,28675.0,23579983.2,830.0,-15.0
2022-06-01,239.0,830.0,801.0,805.0,21956.0,17820899.6,815.0,-10.0
2022-06-02,241.0,824.8,795.0,800.0,26633.0,21438499.2,805.0,-5.0
2022-06-03,382.0,803.0,780.0,792.0,28909.0,22848284.3,800.0,-8.0
2022-06-06,289.0,803.0,780.1,790.0,33114.0,26278593.2,792.0,-2.0
2022-06-07,469.0,795.0,741.0,749.0,41936.0,32077064.7,790.0,-41.0
2022-06-08,420.0,786.5,735.0,779.0,43726.0,33566292.1,749.0,30.0
2022-06-09,431.0,802.7,765.0,773.0,34601.0,27184036.3,779.0,-6.0
2022-06-10,376.0,774.5,744.0,747.0,41421.0,31247892.5,773.0,-26.0
2022-06-13,400.0,758.0,724.0,725.6,30931.0,22691990.9,747.0,-21.4
2022-06-14,778.0,730.0,684.0,698.0,66776.0,46718193.5,725.6,-27.6
2022-06-15,535.0,710.0,674.1,697.0,42482.0,29275778.7,698.0,-1.0
2022-06-16,371.0,724.0,686.0,701.0,34469.0,24312303.3,697.0,4.0
2022-06-17,197.0,709.8,690.0,692.0,17783.0,12417806.0,701.0,-9.0
2022-06-19,276.0,701.0,675.0,677.9,16083.0,10954660.8,692.0,-14.1
2022-06-20,351.0,686.0,660.0,668.0,23624.0,15793490.7,677.9,-9.9
2022-06-21,400.0,700.0,670.0,689.0,42106.0,29047598.9,668.0,21.0
2022-06-22,241.0,693.0,676.0,682.0,18187.0,12397978.2,689.0,-7.0
2022-06-23,371.0,679.0,654.0,672.0,50193.0,33332601.4,682.0,-10.0
2022-06-24,245.0,698.0,658.0,689.0,23489.0,15916301.6,672.0,17.0
2022-06-26,694.0,729.0,700.0,717.0,75491.0,54170663.7,689.0,28.0
2022-06-27,576.0,734.0,690.0,690.0,46993.0,33433310.5,717.0,-27.0
2022-06-28,233.0,700.0,680.0,693.0,18124.0,12480800.3,690.0,3.0
2022-06-30,1103.0,775.5,710.0,774.0,132607.0,99520630.6,705.0,69.0
2022-07-01,741.0,794.5,755.0,768.0,72059.0,55747893.8,774.0,-6.0
2022-07-03,803.0,830.0,753.2,830.0,88004.0,69785906.4,768.0,62.0
2022-07-04,1893.0,878.0,801.0,826.0,208727.0,175883271.4,830.0,-4.0
2022-07-05,1309.0,834.0,778.4,783.0,132174.0,106075305.9,826.0,-43.0
2022-07-06,833.0,811.0,761.0,795.0,98484.0,77428783.1,783.0,12.0
2022-07-07,621.0,820.0,785.0,785.0,77979.0,62532918.1,795.0,-10.0
2022-07-08,656.0,800.7,750.0,750.0,73107.0,55983555.4,785.0,-35.0
